eps_s_pct,q_kPa,p_eff_kPa,eps_v_pct
0.0,0.0,100.0,0.0
0.83,70.7,123.6,0.064
1.67,106.8,135.6,0.096
2.5,125.0,141.7,0.102
3.33,135.8,145.3,0.09
4.17,148.2,149.4,0.063
5.0,155.8,151.9,0.026
5.83,158.2,152.7,-0.019
6.67,162.2,154.1,-0.07
7.5,165.1,155.0,-0.124
8.33,166.4,155.5,-0.181
9.17,172.9,157.6,-0.238
10.0,176.3,158.8,-0.297
10.83,173.5,157.8,-0.356
11.67,178.7,159.6,-0.414
12.5,179.9,160.0,-0.471
13.33,179.1,159.7,-0.528
14.17,182.3,160.8,-0.583
15.0,185.0,161.7,-0.638
15.83,182.5,160.8,-0.692
16.67,181.9,160.6,-0.744
17.5,179.6,159.9,-0.796
18.33,183.8,161.3,-0.846
19.17,187.2,162.4,-0.896
20.0,186.9,162.3,-0.945
