gamma_a,tau_a_kPa,G_sec_kPa,G_over_G0,damping_ratio,damping_pct
9.9994736156e-07,0.059949001065499996,59952.1568535114,0.99920261422519,0.002176662268895024,0.2176662268895024
2.1543212839e-06,0.12912762431500002,59938.889004168566,0.9989814834028095,0.002181996730072574,0.2181996730072574
4.641344504e-06,0.278064161605,59910.26121102603,0.9985043535171005,0.0021947155450281965,0.21947155450281966
9.9994736156e-06,0.5984523135049999,59848.381675947945,0.9974730279324657,0.0022278128429587068,0.22278128429587069
2.1543212839e-05,1.26534150725,58735.04182994161,0.9789173638323602,0.009101301492070956,0.9101301492070956
4.641344504e-05,2.6122906393000003,56283.05843379387,0.9380509738965646,0.014969051805680079,1.4969051805680078
9.9994736156e-05,5.2530916157,52533.68144803888,0.8755613574673147,0.025437738977271532,2.5437738977271533
0.00021543212839,9.725533311549999,45144.30314657487,0.7524050524429146,0.05775546081587435,5.775546081587435
0.0004641344504,15.343428738,33058.155292667325,0.5509692548777887,0.13483123054396584,13.483123054396584
0.00099994736156,17.9439427645,17944.887355376362,0.2990814559229394,0.30783883023514386,30.783883023514385
0.0021543212839,23.198174607,10768.205643405237,0.17947009405675396,0.3875647067363632,38.756470673636315
0.004641344504,30.068805347,6478.468754277155,0.10797447923795259,0.41438338932388175,41.43833893238818
0.0099994736156,39.612852633,3961.493790153184,0.06602489650255307,0.4261377645505475,42.613776455054754
